isoform	junction_number	chrom	strand	genomic_start_coord	genomic_end_coord	category	type	exonSeq	intronSeq	matchLen	matchPat	mismatch
PB.30357.1	junction_5	chr22	+	15790799	15791016	known	canonical	TGGATGGGCAGG	TTTGGATGGAGT	8	TGGATGGG	1
PB.52883.1	junction_1	chr22	-	16784410	16799770	known	canonical	TTTGAATAGAGG	GTCTTTAATAGC	8	TTGAATAG	1
PB.3799.1	junction_15	chr22	-	17899549	17900841	known	canonical	GGAAGCCACAGG	TCTGGCCCCAGG	8	GCCACAGG	1
PB.8639.2	junction_1	chr22	-	19039122	19041057	known	canonical	TGACCCTGCAGG	TCTTCCTGCAGA	8	CCTGCAGG	1
PB.137296.1	junction_2	chr22	-	19041274	19122347	novel	non_canonical	GCCCGCGGCCCA	CAACCTCGGCCG	8	CCGCGGCC	1
PB.137296.2	junction_3	chr22	-	19041847	19122357	novel	non_canonical	GTGTGCGCCAGC	GGCTGCGCCAGC	8	TGCGCCAG	0
PB.88762.1	junction_8	chr22	-	19359485	19361236	known	canonical	TCACCCTCCAGG	ACTTCATCCAGG	8	CCTCCAGG	1
PB.88762.1	junction_20	chr22	-	19398088	19405785	known	canonical	TCATTCAGGCGG	TCTTCTTTCAGA	8	TCATTCAG	1
PB.52897.2	junction_7	chr22	-	19854540	19854659	known	canonical	TCAGTTTCTCGG	CCACTTTCTAGG	8	TTTCTCGG	1
PB.22989.4	junction_6	chr22	+	20061707	20063337	novel	canonical	GTCCTGCTGGGG	CCATCCTGCAGG	8	TCCTGCTG	1
PB.130832.2	junction_5	chr22	-	20115448	20115671	known	canonical	CACCCCAGCAGG	TCTCCCTGCAGA	8	CCCAGCAG	1
PB.96086.4	junction_3	chr22	+	20122349	20122402	novel	non_canonical	AGCTCCTGAAGC	AGACCCTGAAGA	8	CCTGAAGC	1
PB.75692.1	junction_3	chr22	-	21001412	21001831	known	canonical	TCCTTCCACAGG	TGGCTCCACAGA	8	TCCACAGG	1
PB.88773.1	junction_1	chr22	-	21629762	21629850	known	canonical	CTGGCCCGCAGG	TCCGCCCTCAGG	8	GCCCGCAG	1
PB.150505.5	junction_3	chr22	+	21670612	21671009	novel	canonical	GACCACTGCAGG	TCTCTCTGCAGC	8	CACTGCAG	1
PB.68218.1	junction_6	chr22	-	21962603	21962746	known	canonical	CCTCTCACCAGG	TATCTCTCCAGG	8	TCTCACCA	1
PB.124770.1	junction_4	chr22	+	23152527	23153032	known	canonical	CTCATCCACAGG	ATCCCCCACAGG	8	TCCACAGG	1
PB.23016.1	junction_2	chr22	+	23779417	23780358	known	canonical	CTCACCTACAGG	TCTCCCTCCAGG	8	CCTACAGG	1
PB.23016.1	junction_6	chr22	+	23781410	23782367	novel	canonical	GTTCTTCCAAGG	TTCCGAGGCAGG	8	TTCCAAGG	1
PB.60617.1	junction_2	chr22	+	23793689	23800943	known	canonical	ACCTACCTCAGG	TATCTCCTCAGG	8	ACCTCAGG	1
PB.3821.4	junction_5	chr22	+	24321324	24321404	known	canonical	CACTTCTACAGG	ACCTTCTGCAGG	8	CTTCTACA	1
PB.143833.2	junction_2	chr22	-	24543875	24548947	novel	non_canonical	CCACTGGGACTG	GGCCACTGGCTG	8	CCACTGGG	1
PB.60623.1	junction_4	chr22	+	24572758	24574621	novel	non_canonical	CGAGACTGCACC	GCTCACTGCAGC	8	ACTGCACC	1
PB.3822.1	junction_15	chr22	+	24884199	24886599	known	canonical	ACGACAGCACAG	ACCCACCACAGA	8	CAGCACAG	1
PB.88788.1	junction_11	chr22	-	26477137	26479264	known	canonical	ATCCTTCCCAGG	CTTTCCCACAGA	8	CCTTCCCA	1
PB.37868.1	junction_6	chr22	-	26498976	26499103	known	canonical	ATCCCCTCAAAG	TTTCTCCTCAGG	8	TCCCCTCA	1
PB.45410.1	junction_5	chr22	-	26541719	26590052	novel	canonical	GTCTCGCCACGG	TCTCTCCCCAGA	8	TCTCGCCA	1
PB.96117.1	junction_4	chr22	-	26536487	26590052	novel	canonical	GTCTCGCCACGG	TCTCTCCCCAGG	8	TCTCGCCA	1
PB.124782.2	junction_3	chr22	-	27858510	27860130	known	canonical	TCATTCAAAAGG	TGTTTTAAAAGC	8	TTCAAAAG	1
PB.150520.1	junction_2	chr22	-	27985357	27989877	known	canonical	GGCAGCTCTAGG	TGTTCCTCTAGG	8	GCTCTAGG	1
PB.52937.1	junction_6	chr22	-	28696988	28699837	known	canonical	TGGCTGTGCAGG	TTTCTGTGTAGT	8	CTGTGCAG	1
PB.164558.3	junction_4	chr22	+	29310735	29310870	novel	canonical	CTCCTCCACTGG	TTTCTCCACAGA	8	CTCCACTG	1
PB.88800.7	junction_8	chr22	-	29340733	29341561	novel	canonical	TAAGCCTCCCAG	CGGCCCCCCAGT	8	CCTCCCAG	1
PB.130867.5	junction_1	chr22	-	29328430	29330491	novel	non_canonical	ACATCTTCACTG	GGCCCTCCACTG	8	CTTCACTG	1
PB.124788.2	junction_3	chr22	+	29483575	29485722	known	canonical	CCTCCTACCAGG	CTCCTTCCCAGG	8	CTCCTACC	1
PB.30423.1	junction_3	chr22	+	29639213	29642201	known	canonical	TCTTCTTACAGG	GCTCCTTTCAGG	8	CTTACAGG	1
PB.83155.1	junction_6	chr22	-	29754864	29766948	novel	canonical	CGGGGAGCCAGG	GTTTGAGACAGG	8	GAGCCAGG	1
PB.130869.1	junction_1	chr22	-	29836296	29837348	novel	non_canonical	CCGGGTTCAAGC	CCGGGTTCAAGC	8	CCGGGTTC	0
PB.157451.1	junction_1	chr22	-	30242880	30246676	novel	canonical	CTTGGCGGCAGG	ACCTGCAGCAGG	8	GCGGCAGG	1
PB.150534.3	junction_13	chr22	-	30345068	30346383	novel	non_canonical	GGAAGGCTCAGG	TGACGGCTCAGT	8	GGCTCAGG	1
PB.37884.1	junction_2	chr22	+	30611064	30612872	known	canonical	TGCCTCCTAGGG	CCTTGTCCTAGG	8	CTCCTAGG	1
PB.52955.1	junction_9	chr22	+	30626663	30626938	novel	non_canonical	GATCACCCCAGC	ACCCCAGCTCTC	8	ACCCCAGC	0
PB.88804.1	junction_1	chr22	+	30695554	30741160	known	canonical	TCTTACTACAGG	ACATCCTACAGA	8	TACTACAG	1
PB.130876.1	junction_10	chr22	+	31133484	31133609	known	canonical	ATACCTACCAGG	GGGCCTACCAGG	8	CCTACCAG	0
PB.157460.1	junction_3	chr22	-	31137041	31137709	known	canonical	AAAACCTCAGGG	CCACCCCTCAGG	8	ACCTCAGG	1
PB.45437.1	junction_3	chr22	-	31342961	31344331	known	canonical	GGCTTCTCCAGG	CTCTTTTCCAGG	8	TCTCCAGG	1
PB.124803.1	junction_13	chr22	+	31589578	31603743	novel	canonical	CGTTTCCACAGG	TCTCCCCACAGG	8	TCCACAGG	1
PB.30439.1	junction_5	chr22	-	31621886	31630803	novel	canonical	GCCACCTGCGGG	GTGGCCTGCAGG	8	CCTGCGGG	1
PB.15747.3	junction_1	chr22	-	31619082	31619188	novel	non_canonical	GCTCCTGCTGCA	CCTCATCCTGCT	8	CTCCTGCT	1
PB.3835.1	junction_8	chr22	-	31738912	31749992	known	canonical	GAGGTCTCAGGG	ATTTGTGTCAGG	8	GTCTCAGG	1
PB.137356.1	junction_1	chr22	-	31734055	31747192	novel	canonical	GGGAGGCAGAGG	GGGAGGCAGAGG	8	GGGAGGCA	0
PB.3836.1	junction_33	chr22	+	31870745	31873254	known	canonical	AGTGACAGCAGG	CTGTGTTACAGC	8	GTGACAGC	1
PB.23050.1	junction_4	chr22	+	32858139	32859179	known	canonical	GTAACTGCAAGG	TCTAATTGCAGA	8	TAACTGCA	1
PB.15751.1	junction_9	chr22	+	35333015	35333403	known	canonical	AGACCACCAAGG	CTTCCCACCAGG	8	CCACCAAG	1
PB.137362.1	junction_5	chr22	-	35760021	35761201	known	canonical	TCCTTTAATCAG	TCTCCCTTTAGT	8	CCTTTAAT	1
PB.30450.3	junction_5	chr22	+	36266142	36266839	novel	non_canonical	GCCAAGTTGGAG	TGGGAGGTGGAG	8	AGTTGGAG	1
PB.3841.11	junction_6	chr22	-	36285954	36286717	known	canonical	AGTTGCAGGAGG	CTTTGTGGCAGG	8	GTTGCAGG	1
PB.3841.11	junction_11	chr22	-	36292235	36293328	known	canonical	TCCATGCCCAGG	CTCCTGCCCAGG	8	TGCCCAGG	0
PB.3841.11	junction_13	chr22	-	36293864	36294091	known	canonical	CCAAGCTGCAGG	GCCCGGTGCAGG	8	GCTGCAGG	1
PB.3841.16	junction_10	chr22	-	36289184	36292144	novel	non_canonical	AGGACCTGGAGG	GGGCCCTGGAGG	8	CCTGGAGG	0
PB.130890.4	junction_1	chr22	-	36281978	36282456	novel	non_canonical	CTCCCTCCCCTG	CCCCCTCCCCTC	8	CCCTCCCC	0
PB.130891.1	junction_5	chr22	-	36493804	36495966	known	canonical	CCTCCCCACCGG	CCTCCCCACAGA	8	CCTCCCCA	0
PB.130891.1	junction_11	chr22	-	36506424	36506911	known	canonical	GCGGGCGGCAGG	ATCTGCTGCAGG	8	GCGGCAGG	1
PB.96156.5	junction_1	chr22	-	36467918	36480574	novel	canonical	TTCCACGCACAG	TCTCCACCCAGG	8	TCCACGCA	1
PB.124813.1	junction_1	chr22	-	36488472	36488792	novel	non_canonical	TTTGAGACCAGC	TTCGAGACCAGC	8	GAGACCAG	0
PB.37907.1	junction_11	chr22	-	36523981	36524595	known	canonical	GATTTGCCCAGG	CTGATGCCCAGA	8	TGCCCAGG	1
PB.30454.3	junction_14	chr22	-	36526132	36528742	novel	canonical	TGACTTTTTGAG	ATATTTTTCAGA	8	TTTTTGAG	1
PB.137368.1	junction_1	chr22	-	37066239	37066825	known	canonical	ATGCCTGTCAGG	CCCCCTTTCAGG	8	CTGTCAGG	1
PB.137368.1	junction_5	chr22	-	37071033	37073531	known	canonical	GTGCCAGGAAGG	CTCTGTCCCAGG	8	GTGCCAGG	1
PB.137368.1	junction_16	chr22	-	37098550	37103215	known	canonical	GTATTTCCTAGG	TTCCTGGGCAGG	8	TTCCTAGG	1
PB.150560.1	junction_3	chr22	-	37232919	37241586	known	canonical	ATCCCCACCGTG	GCTCCCCACAGG	8	TCCCCACC	1
PB.137370.1	junction_4	chr22	+	37296066	37297563	known	canonical	ACCCCGCCAAGG	ACCCCCTCCAGG	8	CCCCGCCA	1
PB.137370.1	junction_6	chr22	+	37299307	37300906	known	canonical	CAGGCCCTCAGG	TTCTCCCCCAGG	8	CCCTCAGG	1
PB.52983.1	junction_2	chr22	+	37566313	37566721	novel	canonical	CCCGGCCCCTGG	CCCTGCCCCAGC	8	CCGGCCCC	1
PB.23067.1	junction_3	chr22	+	37759265	37765669	known	canonical	ACATCTCACAGG	CCGGCCCACAGG	8	CTCACAGG	1
PB.52989.1	junction_6	chr22	+	37815835	37816199	known	canonical	AAGACCCAGAGG	TGTGCCCACAGG	8	CCCAGAGG	1
PB.60675.1	junction_9	chr22	+	37816726	37816928	known	canonical	CTGAGCTCTGGG	TCTCTGGGCAGG	8	GCTCTGGG	1
PB.15770.1	junction_1	chr22	+	37809832	37811488	novel	non_canonical	AAAAAAAAAAAG	CTCAAAAAAAAA	8	AAAAAAAA	0
PB.30464.3	junction_12	chr22	+	37886846	37886949	novel	canonical	AATTTGAGGAGG	TTTATTTTGAGA	8	AATTTGAG	1
PB.88820.1	junction_8	chr22	+	37926044	37927410	known	canonical	GTCCCCACTGGG	CGTCCGCACAGC	8	GTCCCCAC	1
PB.30467.1	junction_2	chr22	-	37978003	37983820	novel	canonical	GCCCGGGGGAGG	CCCAGGGCGAGG	8	GGGGGAGG	1
PB.23076.1	junction_7	chr22	-	38089675	38097031	known	canonical	TCTTCGGCCGGG	CGCCCGGCCAGG	8	CGGCCGGG	1
PB.45470.1	junction_4	chr22	-	38226871	38230668	known	canonical	TCTGCAAACAGG	CCCCCCAACAGG	8	CAAACAGG	1
PB.45470.1	junction_7	chr22	-	38246101	38247769	known	canonical	CATGCCACCAGG	TCTGCCCCCAGA	8	TGCCACCA	1
PB.60681.2	junction_1	chr22	-	38220342	38246021	novel	non_canonical	CGTGCCCATCTA	GCTCCCCATCTG	8	CCCATCTA	1
PB.150570.2	junction_1	chr22	-	38363807	38363899	novel	canonical	TGGAGGCTTCAG	GGAGGCTTCAGT	8	GGAGGCTT	0
PB.8698.1	junction_1	chr22	+	38706143	38715906	novel	canonical	GGACCTCACCAG	CTTGTCACCAGA	8	CTCACCAG	1
PB.157487.1	junction_3	chr22	-	38738755	38738872	known	canonical	TCATCCTCCAGG	TGCTCCTCCAGC	8	TCCTCCAG	0
PB.124826.2	junction_10	chr22	-	38742556	38745683	known	canonical	CACATTTCCAGG	TGCCCTTCCAGG	8	TTTCCAGG	1
PB.137379.2	junction_3	chr22	-	38738751	38738872	novel	canonical	TCATCCTCCAGG	CCTCCAGCCAGA	8	CCTCCAGG	1
PB.150578.1	junction_1	chr22	-	38866651	38867072	novel	non_canonical	ACATCCGCCGCT	GCCCCCGCCGCC	8	CCGCCGCT	1
PB.143894.1	junction_1	chr22	-	38866653	38867001	novel	non_canonical	CTGCGCCCGCCC	CCGCCCCCGCCG	8	CGCCCGCC	1
PB.75774.5	junction_2	chr22	-	39313287	39313651	novel	non_canonical	CCAAGAAGCGGG	AGACGAAGCGGC	8	GAAGCGGG	1
PB.15784.1	junction_2	chr22	+	39376198	39377597	known	canonical	TCTTCACCTGGG	TCTCCTGGCAGA	8	TCACCTGG	1
PB.88828.2	junction_3	chr22	+	39376198	39381761	novel	canonical	TCTTCACCTGGG	TCTTCTCCCAGG	8	TCTTCACC	1
PB.124831.1	junction_2	chr22	+	39504535	39509421	known	canonical	AGAAGCCTCAGG	ATCCGGCTCAGG	8	GCCTCAGG	1
PB.68307.1	junction_1	chr22	+	39901331	39947092	known	canonical	TCTTCCAAAAGG	TTCTCTTCCAGC	8	TCTTCCAA	1
PB.137387.1	junction_9	chr22	+	40406304	40406437	novel	canonical	CCCTGGGCCAGG	GCATGGCCCAGG	8	GGGCCAGG	1
PB.137387.1	junction_17	chr22	+	40408698	40408793	known	canonical	AAGACCTTCAGG	TGTCCCCTCAGG	8	CCTTCAGG	1
PB.124838.1	junction_7	chr22	+	41220869	41221198	known	canonical	GCCCCCACGGAG	TGCCTCCACAGC	8	GCCCCCAC	1
PB.37948.1	junction_1	chr22	-	41234428	41300517	novel	non_canonical	TTGCACTCCAGC	CTGCACCCCAGC	8	TGCACTCC	1
PB.130929.3	junction_1	chr22	-	41599670	41601823	novel	non_canonical	GGCTGAGGCAGG	GGCTGAGGCAGG	8	GGCTGAGG	0
PB.53024.2	junction_1	chr22	-	41599650	41620953	novel	non_canonical	CTCAGCCCGGGC	TTGAACCCGGGA	8	AGCCCGGG	1
PB.3863.4	junction_19	chr22	+	41906386	41906510	novel	non_canonical	TCCTGTTCCTTC	GTTCCCTCCTCC	8	GTTCCTTC	1
PB.103802.1	junction_1	chr22	-	41939040	41943627	novel	non_canonical	AAAGCCCCCTGC	GCTGGCCCCTGG	8	GCCCCCTG	1
PB.53031.1	junction_1	chr22	+	41947307	41957671	novel	canonical	CACGCTCCACAG	TGTCTCCGCAGC	8	CTCCACAG	1
PB.103804.2	junction_2	chr22	+	42082066	42083118	known	canonical	ATGACTAACAGG	CTTTCTTACAGG	8	CTAACAGG	1
PB.53037.1	junction_1	chr22	-	42619075	42619325	novel	non_canonical	TCCCGCCTCAGG	CACCGCCTCAGG	8	CCGCCTCA	0
PB.45504.6	junction_1	chr22	-	42619289	42619371	novel	non_canonical	AGCTGCAGGTGC	CGCTGCATGAGA	8	GCTGCAGG	1
PB.45504.7	junction_1	chr22	-	42619050	42619173	novel	non_canonical	GCCATGGGGCCC	GGGCTGGGGCCA	8	TGGGGCCC	1
PB.96202.1	junction_2	chr22	-	42619619	42628218	novel	non_canonical	AGTACCTGGAGA	TTCCCCTGGAGC	8	CCTGGAGA	1
PB.45504.9	junction_7	chr22	-	42631400	42636770	novel	non_canonical	CTCCACGCCAGC	CGTCACCCCAGC	8	ACGCCAGC	1
PB.130935.6	junction_10	chr22	-	42912158	42959762	known	canonical	TTTCCTTTAAGG	TTCATTTATAGG	8	TTCCTTTA	1
PB.130937.1	junction_8	chr22	-	43174523	43176319	novel	non_canonical	CACATCTTCAAG	ATCCTCTTCAAC	8	TCTTCAAG	1
PB.88851.1	junction_9	chr22	+	43947267	43949979	novel	non_canonical	GGCTGAGGCAGG	GGCTGAGGCAGG	8	GGCTGAGG	0
PB.37966.1	junction_7	chr22	+	43976184	43976749	known	canonical	CATCTCTTTCGG	ATTTCTTTCAGC	8	TCTTTCGG	1
PB.37966.1	junction_9	chr22	+	43977959	43981390	known	canonical	TATTTGATTCAG	TATTTGAACAGG	8	TATTTGAT	1
PB.124850.1	junction_13	chr22	+	44169917	44170211	novel	non_canonical	ATGTTGGCCAGG	ATGTTGCCCAGG	8	ATGTTGGC	1
PB.68338.2	junction_1	chr22	+	44181371	44181863	novel	canonical	CGAGAGTCCAGG	TCGGAATCCAGG	8	AGTCCAGG	1
PB.88853.1	junction_1	chr22	-	44254713	44254768	novel	non_canonical	TGCTTCATTAGA	TGCTTCATTAGA	8	TGCTTCAT	0
PB.60729.1	junction_3	chr22	+	44725293	44726576	known	canonical	AGTACCTGCAGG	TTTACCTTCAGA	8	TACCTGCA	1
PB.60729.1	junction_6	chr22	+	44732392	44735026	known	canonical	TGGTGCTGCAGG	CTCTCCTGCAGG	8	GCTGCAGG	1
PB.30509.1	junction_6	chr22	+	44731005	44731729	novel	canonical	GCCAGCACACAG	CATGCCCACAGG	8	GCACACAG	1
PB.45510.1	junction_1	chr22	+	44677241	44714590	known	canonical	CACCCAGCAAGG	TCTGCCCCCAGC	8	CACCCAGC	1
PB.164635.3	junction_4	chr22	-	45203052	45203134	novel	canonical	GGCTTCTACAAG	AGTGTCTACAGG	8	TCTACAAG	1
PB.15817.1	junction_4	chr22	+	45328004	45328249	novel	canonical	ACCTGCTGGAGG	GGGTGCGGGAGG	8	GCTGGAGG	1
PB.15817.1	junction_10	chr22	+	45340922	45343654	novel	non_canonical	TCCTGCCTCAGC	TCCTGCCTCAGC	8	TCCTGCCT	0
PB.75810.1	junction_4	chr22	+	45328004	45328331	novel	canonical	ACCTGCTGGAGG	GGGTGCGGGAGG	8	GCTGGAGG	1
PB.75813.1	junction_1	chr22	+	46013811	46014496	known	canonical	TCACCGTCCAGG	TTGTCGCCCAGG	8	CGTCCAGG	1
PB.3870.1	junction_1	chr22	+	46150471	46150575	novel	non_canonical	AGGGGCGGTGCG	GGGGCGGAGGCG	8	GGGGCGGT	1
PB.130945.1	junction_14	chr22	+	46294252	46294583	novel	non_canonical	CACGTCTGTAAT	GGCGCCTGTAGT	8	CGTCTGTA	1
PB.150621.1	junction_8	chr22	+	46323263	46326435	known	canonical	TCAGTTGGCAGG	GTGTTTGCCAGG	8	TTGGCAGG	1
PB.3873.3	junction_24	chr22	-	46397849	46398523	known	canonical	GCTGCATGCAGG	ACTTAATGCAGG	8	CATGCAGG	1
PB.3873.3	junction_34	chr22	-	46464346	46533626	known	canonical	GTCTGTGTCTGG	TGTGTCTGCAGA	8	TGTGTCTG	0
PB.8726.1	junction_9	chr22	+	46665707	46666824	known	canonical	CTCATCGCCAGG	CTGTTCGCCAGG	8	TCGCCAGG	0
PB.88862.1	junction_3	chr22	+	46793842	46797443	known	canonical	CTGTCCTGCAGG	CACCCCTGCAGA	8	CCTGCAGG	1
PB.143937.1	junction_1	chr22	+	49961033	49961124	known	canonical	CCTGCAGCCAGG	CCTCCCTGCAGC	8	CCTGCAGC	0
PB.124866.1	junction_1	chr22	-	50060760	50060810	novel	non_canonical	TGGAGTGCCACG	TGGAGTGCCACA	8	TGGAGTGC	0
PB.157541.1	junction_1	chr22	+	50185977	50193026	known	canonical	GCCTCGCCTCGG	CCTCTCCTCAGG	8	CCTCGCCT	1
PB.68352.2	junction_6	chr22	+	50197323	50197448	novel	canonical	CATGGCCCCAGG	CTCTGCTCCAGG	8	GCCCCAGG	1
PB.157542.1	junction_12	chr22	-	50248891	50249102	known	canonical	TGGCCTTTGAGG	CTGGCCTGTAGT	8	TGGCCTTT	1
PB.157542.1	junction_15	chr22	-	50249704	50249859	known	canonical	GGGCTACACAGG	TCTGTACCCAGG	8	TACACAGG	1
PB.164655.7	junction_19	chr22	-	50250906	50251136	novel	canonical	CTGCGCCCCAGG	ATCTGCCCCAGC	8	GCCCCAGG	1
PB.8734.1	junction_25	chr22	-	50462939	50463282	known	canonical	GCTGCCTGCAGG	TCTACCTGCAGG	8	CCTGCAGG	0
PB.68359.2	junction_7	chr22	-	50505260	50506437	novel	non_canonical	GCCAGCCTCCCA	TGTGGCCTCCCT	8	GCCTCCCA	1
PB.23138.1	junction_18	chr22	+	50523167	50523234	known	canonical	CCCTGCAGCTGG	CACCCCTGCAGG	8	CCCTGCAG	0
PB.53068.1	junction_3	chr22	-	50526142	50526245	known	canonical	GCCCGCAGATGG	TCTCCCCGCAGG	8	CCCGCAGA	1
PB.45533.2	junction_6	chr22	-	50626990	50627165	novel	canonical	CCCACGACCAGG	GCTGTGACCAGG	8	CGACCAGG	1
